<?xml version="1.0" encoding="UTF-8"?>

<!--   Created by wxMaxima 16.04.2   -->
<!--http://wxmaxima.sourceforge.net-->

<wxMaximaDocument version="1.4" zoom="100" activecell="26">

<cell type="title" sectioning_level="1">
<editor type="title" sectioning_level="1">
<line>Tutorial: Two-Dimensional Plotting with wxplot2d</line>
</editor>

</cell>

<cell type="text">
<editor type="text">
<line>wxMaxima generates in-line graphs in two dimensions and in three dimensions. </line>
<line>This tutorial shows how to draw two-dimensional graphs using wxMaxima. </line>
<line>It also shows some ways to make graphs more informative that those produced </line>
<line>by wxMaxima&apos;s default settings. The tutorial begins with the graph of x*sin(x), </line>
<line>with x ranging from -5 to 5, wxMaxima&apos;s default values.</line>
</editor>

</cell>

<cell type="section" sectioning_level="2">
<editor type="section" sectioning_level="2">
<line>Plotting a Single Variable</line>
</editor>

</cell>

<cell type="text">
<editor type="text">
<line>The plot below is generated by selecting Plot/Plot 2d from the menu or by clicking on </line>
<line>the Plot2D button at the bottom of the screen. Alternatively, the command can be entered directly</line>
<line>into the cell. </line>
<line></line>
<line>To execute any command below, use &quot;Ctrl-Enter&quot; or &quot;Shift-Enter&quot;.</line>
</editor>

</cell>

<cell type="code">
<input>
<editor type="input">
<line>wxplot2d([x*sin(x)], [x,-5,5])$</line>
</editor>
</input>
<output>
<mth><lbl>(%t1) </lbl><img>image1.png</img>
</mth></output>
</cell>

<cell type="text">
<editor type="text">
<line>Note: At any time, a graph may be saved to a file. Click on the image to be saved.</line>
<line>Then select the menu item Edit/Selection to image and save the graph. </line>
<line></line>
<line>We now add labels to the horizontal and vertical axes. Notice wxMaxima&apos;s use of</line>
<line>lists. Each new set of instructions consists of a list of items. </line>
</editor>

</cell>

<cell type="code">
<input>
<editor type="input">
<line>wxplot2d([x*sin(x)], [x,-5,5], [xlabel, &quot;x(m)&quot;], [ylabel, &quot;Displacement (m)&quot;])$</line>
</editor>
</input>
<output>
<mth><lbl>(%t2) </lbl><img>image2.png</img>
</mth></output>
</cell>

<cell type="section" sectioning_level="2">
<editor type="section" sectioning_level="2">
<line>Controlling Proportions and Showing Two Functions</line>
</editor>

</cell>

<cell type="text">
<editor type="text">
<line>For some purposes, one might want to control the y axis as well as the x axis.</line>
<line>Consider the following function, which draws a circle using two explicit functions.</line>
<line>The figure below raises two issues regarding the presentation of the functions, the question</line>
<line>of scale and the definition of a legend to identify individual functions.</line>
</editor>

</cell>

<cell type="code">
<input>
<editor type="input">
<line>wxplot2d([sqrt(4-x^2),-sqrt(4-x^2)], [x,-2.5,2.5],[y,-2.5,2.5])$</line>
</editor>
</input>
<output>
<mth><t breakline="true">plot2d: expression evaluates to non-numeric value somewhere in plotting range.</t><t breakline="true">plot2d: expression evaluates to non-numeric value somewhere in plotting range.</t><lbl>(%t3) </lbl><img>image3.png</img>
</mth></output>
</cell>

<cell type="code">
<input>
<editor type="input">
<line> (Graphics);</line>
</editor>
</input>
<output>
<mth><lbl>(%o4) </lbl><v>Graphics</v>
</mth></output>
</cell>

<cell type="text">
<editor type="text">
<line>Two aspects of this graph warrant concern. Most obviously, the &quot;circle&quot; looks</line>
<line>decidedly non-spherical. Second, a legend has appeared, one that we might</line>
<line>want to make more informative. A legend appears automatically whenever more </line>
<line>than one function is being plotted. </line>
<line></line>
<line>The first problem relates to the fact that Maxima does not assume that x and y</line>
<line>axis have the same units, and it stretches the figure so that the a centimeter along</line>
<line>the vertical axis accounts for more units that a centimeter does along the </line>
<line>horizontal axis.</line>
<line></line>
<line>To avoid this distortion, instruct wxplot2d to produce a square graph by inserting</line>
<line>the &quot;same_xy&quot; option. </line>
<line></line>
<line>To add content to the legend, add a legend option.</line>
<line></line>
</editor>

</cell>

<cell type="code">
<input>
<editor type="input">
<line>wxplot2d( </line>
<line>    [sqrt(4-x^2),-sqrt(4-x^2)], [x,-2.5,2.5],[y,-2.5,2.5],</line>
<line>[legend, &quot;UpperSemiCircle&quot;, &quot;LowerSemiCircle&quot;], same_xy)$</line>
</editor>
</input>
<output>
<mth><t breakline="true">plot2d: expression evaluates to non-numeric value somewhere in plotting range.</t><t breakline="true">plot2d: expression evaluates to non-numeric value somewhere in plotting range.</t><lbl>(%t5) </lbl><img>image4.png</img>
</mth></output>
</cell>

<cell type="text">
<editor type="text">
<line>Suppose we want a cleaner display. We could suppress the legend, as below. </line>
<line>Also, we see later in the tutorial that it would be possible to make both halves </line>
<line>of the circle the same color. </line>
<line></line>
<line>Furthermore,we can remove the box around the circle and the information </line>
<line>about units, as well as the axis labels. </line>
</editor>

</cell>

<cell type="code">
<input>
<editor type="input">
<line>wxplot2d([sqrt(4-x^2),-sqrt(4-x^2)], [x,-2.5,2.5],[y,-2.5,2.5],</line>
<line>[legend, false], [box,false], [xlabel, &quot;&quot;], [ylabel, &quot;&quot;],</line>
<line>same_xy)</line>
<line>$</line>
</editor>
</input>
<output>
<mth><t breakline="true">plot2d: expression evaluates to non-numeric value somewhere in plotting range.</t><t breakline="true">plot2d: expression evaluates to non-numeric value somewhere in plotting range.</t><lbl>(%t6) </lbl><img>image5.png</img>
</mth></output>
</cell>

<cell type="section" sectioning_level="2">
<editor type="section" sectioning_level="2">
<line>Further Issues in Presenting Functions</line>
</editor>

</cell>

<cell type="text">
<editor type="text">
<line>Return to the example with which this tutorial began, and add one more function. </line>
<line>At the same time, make one more change by defining the functions before specifying</line>
<line>the wxplot2d command. Now, enter the functions&apos; names into the list of functions </line>
<line>(which had previously contained a single entry, the function now designated as f(x).</line>
<line></line>
<line>A warning: If you use this approach, save this session as a batch (wxm) file, and execute</line>
<line>it later, you must execute the input below before executing any other commands that</line>
<line>refer to f(x) or g(x).</line>
</editor>

</cell>

<cell type="code">
<input>
<editor type="input">
<line>f(x) := x*sin(x)$</line>
<line>g(x) := cos(x)$</line>
<line>wxplot2d([f(x),g(x)], [x,-5,5], [xlabel, &quot;x(m)&quot;], </line>
<line>[ylabel, &quot;Displacement (m)&quot;] )$</line>
</editor>
</input>
<output>
<mth><lbl>(%t9) </lbl><img>image6.png</img>
</mth></output>
</cell>

<cell type="text">
<editor type="text">
<line>Next, change the label entries to &quot;Plot 1&quot; and &quot;Plot 2&quot; and change the line styles.</line>
<line>Leave Plot 1 (x*sin(x)) as it was, narrow and blue. Plot 2 (cos(x)) becomes  </line>
<line>wider (width = 3) and the color changes to orange (color code = 4). </line>
<line>The Maxima Manual provides the codes.</line>
</editor>

</cell>

<cell type="code">
<input>
<editor type="input">
<line>wxplot2d([f(x),g(x)], [x,-5,5], [xlabel, &quot;x(m)&quot;],</line>
<line> [ylabel, &quot;Displacement (m) &quot;], </line>
<line>[legend, &quot;Plot 1&quot;, &quot;Plot 2&quot;],  [style,[lines,1,1],[lines,3,4]]</line>
<line>);</line>
</editor>
</input>
<output>
<mth><lbl>(%t10) </lbl><img>image7.png</img><lbl>(%o10) </lbl><v></v>
</mth></output>
</cell>

<cell type="text">
<editor type="text">
<line>One final set of changes adds some useful details to this graph. Adding these </line>
<line>details involves inserting a &quot;gnuplot_preamble&quot; which is a list of options not</line>
<line>available directly in the wxplot2d command. The following options are used:</line>
<line>     The key (legend) moves to the bottom center. It could be set at</line>
<line>        bottom left, bottom right, left center, right center, and so forth.</line>
<line>     A title is added to the figure.</line>
<line></line>
<line>Note the syntax. All options are part of a list, with gnuplot_preamble as the </line>
<line>first item in the list. All options are between double quotation marks. Each</line>
<line>item ends with a semicolon. Text entries are within single quotation marks.</line>
</editor>

</cell>

<cell type="code">
<input>
<editor type="input">
<line>wxplot2d([f(x),g(x)], [x,-5,5], [xlabel, &quot;x(m)&quot;], [ylabel, &quot;Displacement (m)&quot;], </line>
<line>[legend, &quot;Plot 1&quot;, &quot;Plot 2&quot;],  [style,[lines,1,1],[lines,3,4]],</line>
<line>[gnuplot_preamble, &quot; set grid; set key  bottom center; </line>
<line>set title &apos;Two Series, An Example&apos;;  &quot;]                          );</line>
</editor>
</input>
<output>
<mth><lbl>(%t11) </lbl><img>image8.png</img><lbl>(%o11) </lbl><v></v>
</mth></output>
</cell>

<cell type="text">
<editor type="text">
<line>A final use of the preamble is to set the y axis to logarithmic scale. Consider</line>
<line>a simple growth function: y(t) = exp(g*t), were t is a time unit. The two graphs</line>
<line>below show two functions, fast growth, with g = 5% per year, and slow growth,</line>
<line>with g = 2% per year.</line>
</editor>

</cell>

<cell type="code">
<input>
<editor type="input">
<line>wxplot2d([exp(0.05*t),exp(0.025*t)], [t,0,150],[ylabel, &quot;Population&quot;],</line>
<line>[xlabel, &quot;Year t&quot;], [legend, &quot;Fast growth&quot;, &quot;Slow growth&quot;], </line>
<line>[gnuplot_preamble, &quot; set grid; set key top left; </line>
<line>set title &apos;Two Growth Paths&apos;;  &quot;]                      )$</line>
</editor>
</input>
<output>
<mth><lbl>(%t12) </lbl><img>image9.png</img>
</mth></output>
</cell>

<cell type="text">
<editor type="text">
<line>Converting the vertical axis to the logarithmic scale accomplishes two tasks.</line>
<line>&quot;Slow growth&quot; is not dwarfed by &quot;Fast growth&quot; and the constancy of the </line>
<line>rates of growth is emphasized.</line>
<line></line>
<line>The conversion to logs requires adding set logscale y; to the gnuplot_preamble.</line>
</editor>

</cell>

<cell type="code">
<input>
<editor type="input">
<line> wxplot2d([exp(0.05*t),exp(0.025*t)], [t,0,150],[ylabel, &quot;Population&quot;],</line>
<line>[xlabel, &quot;Year t&quot;], [legend, &quot;Fast growth&quot;, &quot;Slow growth&quot;], </line>
<line>[gnuplot_preamble, &quot; set grid; set key top left; </line>
<line>set title &apos;Growth Paths, Logarithmic Scale&apos;;  set logscale y; &quot;]            )$</line>
</editor>
</input>
<output>
<mth><lbl>(%t13) </lbl><img>image10.png</img>
</mth></output>
</cell>

</wxMaximaDocument>