<?xml version="1.0" encoding="UTF-8"?>

<!--   Created by wxMaxima 16.04.2   -->
<!--http://wxmaxima.sourceforge.net-->

<wxMaximaDocument version="1.4" zoom="100" activecell="4">

<cell type="title" sectioning_level="1">
<editor type="title" sectioning_level="1">
<line>Tutorial: Graficación 2D con wxplot2d</line>
</editor>

</cell>

<cell type="text">
<editor type="text">
<line>Por: Wilson Mixon</line>
<line>Traducción: Nicolás Guarín</line>
</editor>

</cell>

<cell type="section" sectioning_level="2">
<editor type="section" sectioning_level="2">
<line>Introducción</line>
</editor>

</cell>

<cell type="text">
<editor type="text">
<line>wxMaxima genera gráficos en-línea en dos y tres dimensiones.</line>
<line>Este tutorial muestra cómo realizar gráficos 2D usando wxMaxima.</line>
<line>También se muestran algunas maneras de hacer los gráficos más informativos</line>
<line>que los que produce wxMaxima por defecto. El tutorial empieza con el gráfico</line>
<line>de x*sin(x), con x en el rango -5 a 5, los valores por defecto de wxMaxima.</line>
</editor>

</cell>

<cell type="section" sectioning_level="2">
<editor type="section" sectioning_level="2">
<line>Graficando una Sola Variable</line>
</editor>

</cell>

<cell type="text">
<editor type="text">
<line>El gráfico de abajo es generado seleccionando &quot;Gráficos/Gráficos 2D&quot; del menu.</line>
<line>Alternativamente, el comando puede ser ingresado directamente en la celda.</line>
<line></line>
<line>Para ejecutar cualquier comando, use &quot;Ctrl-Enter&quot; o &quot;Shift-Enter&quot;.</line>
</editor>

</cell>

<cell type="code">
<input>
<editor type="input">
<line>wxplot2d([x*sin(x)], [x,-5,5])$</line>
</editor>
</input>
<output>
<mth><lbl>(%t1) </lbl><img>image1.png</img>
</mth></output>
</cell>

<cell type="code">
<input>
<editor type="input">
<line>wxplot2d([sqrt(4-x^2),-sqrt(4-x^2)], [x,-2.5,2.5],[y,-2.5,2.5],</line>
<line>[legend, &quot;UpperSemiCircle&quot;, &quot;LowerSemiCircle&quot;],same_xy) /*,</line>
<line>wxplot_size=[400,400]*/$</line>
</editor>
</input>
<output>
<mth><t breakline="true">plot2d: expression evaluates to non-numeric value somewhere in plotting range.</t><t breakline="true">plot2d: expression evaluates to non-numeric value somewhere in plotting range.</t><lbl>(%t2) </lbl><img>image2.png</img>
</mth></output>
</cell>

<cell type="text">
<editor type="text">
<line>Nota: En cualquier momento, un gráfico puede ser guardado en un archivo. Se</line>
<line>hace click en la imagen a ser guardada, luego se selecciona &quot;Editar/Guardar selección en imagen&quot;</line>
<line>del menú. También se puede hacer click derecho sobre la imagen y luego &quot;Guardar imagen&quot;.</line>
<line></line>
<line>Ahora se añaden rótulos a los ejes horizontal y vertical. Note el uso de wxMaxima</line>
<line>de listas. Cada conjunto de instrucciones consta de una lista de ítems.</line>
</editor>

</cell>

<cell type="code">
<input>
<editor type="input">
<line>wxplot2d([x*sin(x)], [x,-5,5], [xlabel, &quot;x(m)&quot;], [ylabel, &quot;Desplazamiento (m)&quot;])$</line>
</editor>
</input>
<output>
<mth><lbl>(%t3) </lbl><img>image3.png</img>
</mth></output>
</cell>

<cell type="section" sectioning_level="2">
<editor type="section" sectioning_level="2">
<line>Controlando Proporciones y Mostrando Dos Funciones</line>
</editor>

</cell>

<cell type="text">
<editor type="text">
<line>Por las mismas razones, uno puede querer controlar el eje y así como el eje x.</line>
<line>Considere la siguiente función, que grafica una circunferencia usando dos</line>
<line>funciones explícitas. La figura de abajo tiene dos puntos a resaltar con la presentación</line>
<line>de las funciones, la escala y las leyendas para identificar cada función individual.</line>
</editor>

</cell>

<cell type="code">
<input>
<editor type="input">
<line>wxplot2d([sqrt(4-x^2),-sqrt(4-x^2)], [x,-2.5,2.5],[y,-2.5,2.5])$</line>
</editor>
</input>
<output>
<mth><t breakline="true">plot2d: expression evaluates to non-numeric value somewhere in plotting range.</t><t breakline="true">plot2d: expression evaluates to non-numeric value somewhere in plotting range.</t><lbl>(%t4) </lbl><img>image4.png</img>
</mth></output>
</cell>

<cell type="text">
<editor type="text">
<line>Dos aspectos de este gráfico requieren atención. El más obvio, el &quot;círculo&quot;</line>
<line>luce no-esférico. El segundo, aparece una leyenda, pero querríamos que</line>
<line>fuera más informativa. Las leyendas aparecen automáticamente cuando más de</line>
<line>una función es graficada.</line>
<line></line>
<line>El primer problema está relacionado con el hecho de que Maxima no asume que</line>
<line>los ejes x e y tienen las mismas unidades, y extiende la figura.</line>
<line></line>
<line>Para evitar esta distorsión, se le dan instrucciones a &quot;wxplot2d&quot; para producir un</line>
<line>gráfico cuadrado.</line>
<line></line>
<line>Otra opción para remover la distorsión aparece más adelante.</line>
<line></line>
<line>Para añadir contenido a la leyenda, se añade la opción &quot;legend&quot;.</line>
</editor>

</cell>

<cell type="code">
<input>
<editor type="input">
<line>wxplot2d([sqrt(4-x^2),-sqrt(4-x^2)], [x,-2.5,2.5],[y,-2.5,2.5],</line>
<line>[legend, &quot;SemiCírculoSuperior&quot;, </line>
<line>        &quot;SemiCíruloIngerior&quot;], same_xy)$</line>
</editor>
</input>
<output>
<mth><t breakline="true">plot2d: expression evaluates to non-numeric value somewhere in plotting range.</t><t breakline="true">plot2d: expression evaluates to non-numeric value somewhere in plotting range.</t><lbl>(%t5) </lbl><img>image5.png</img>
</mth></output>
</cell>

<cell type="text">
<editor type="text">
<line>Supongamos que queremos una vista más clara. Podemos suprimir la leyenda, como se hace</line>
<line>abajo. También veremos más adelante que se pueden hacer ambas partes del gráfico</line>
<line>del mismo color.</line>
<line></line>
<line>Además podemos remover la &quot;caja&quot; alrededor de la circunferencia y la información</line>
<line>acerca de las unidades, así como los rótulos de los ejes.</line>
</editor>

</cell>

<cell type="code">
<input>
<editor type="input">
<line>wxplot2d([sqrt(4-x^2),-sqrt(4-x^2)], [x,-2,2],[y,-2,2],</line>
<line>[legend, false], [box,false], [xlabel, &quot;&quot;], [ylabel, &quot;&quot;], same_xy)$</line>
</editor>
</input>
<output>
<mth><lbl>(%t6) </lbl><img>image6.png</img>
</mth></output>
</cell>

<cell type="section" sectioning_level="2">
<editor type="section" sectioning_level="2">
<line>Otros asuntos en la Presentación de Funciones</line>
</editor>

</cell>

<cell type="text">
<editor type="text">
<line>Volvamos al ejemplo con que se comenzó el tutorial, y añadamos otra función.</line>
<line>Al mismo tiempo hagamos un cambio adicional definiendo las funciones antes</line>
<line>de escribir el comando &quot;wxplot2d&quot;. Ahora, entra los nombres de las funciones</line>
<line>en la lista para la graficación, en donde antes había sólo una función,</line>
<line>la que ahora designamos como f(x).</line>
<line></line>
<line>Nota: Si lo haces de esta manera y quieres guardar la sesión y ejecutarla luego,</line>
<line>debes ejecutar la celda de entrada en donde se definen f(x) y g(x) antes de</line>
<line>ejecutar cualquier otro comando que se refiera a ellas.</line>
</editor>

</cell>

<cell type="code">
<input>
<editor type="input">
<line>f(x) := x*sin(x)$</line>
<line>g(x) := cos(x)$</line>
<line>wxplot2d([f(x),g(x)], [x,-5,5], [xlabel, &quot;x(m)&quot;], </line>
<line>[ylabel, &quot;Desplazamiento (m)&quot;]                                         )$</line>
</editor>
</input>
<output>
<mth><lbl>(%t9) </lbl><img>image7.png</img>
</mth></output>
</cell>

<cell type="text">
<editor type="text">
<line>Luego, cambia las leyendas por &quot;Gráfico 1&quot; y &quot;Gráfico 2&quot; y cambia los estilos de líneas.</line>
<line>Deja el Gráfico 1 (x*sin(x)) como estaba, delgado y azul. El Gráfico 2 (cos(x)) será</line>
<line>más grueso (ancho = 3, width = 3) y el color se cambia por violeta (código de color =4,</line>
<line>color code =4).</line>
<line>El Manual de Maxima tiene los códigos para los colores.</line>
</editor>

</cell>

<cell type="code">
<input>
<editor type="input">
<line>wxplot2d([f(x),g(x)], [x,-5,5], [xlabel, &quot;x(m)&quot;],</line>
<line> [ylabel, &quot;Desplazamiento (m)&quot;], </line>
<line>[legend, &quot;Gráfico 1&quot;, &quot;Gráfico 2&quot;],  [style,[lines,1,1],[lines,3,4]]</line>
<line>);</line>
</editor>
</input>
<output>
<mth><lbl>(%t10) </lbl><img>image8.png</img><lbl>(%o10) </lbl><v></v>
</mth></output>
</cell>

<cell type="text">
<editor type="text">
<line>Unos últimos cambios añadirán algunos detalles útiles a este gráfico. Añadir</line>
<line>estos detalles involucran insertar un &quot;gnuplot_preamble&quot; que es una lista de</line>
<line>opciones que no están disponibles directamente en el comando &quot;wxplot2d&quot;. Las</line>
<line>siguientes opciones son usadas:</line>
<line>    La leyenda (key) se mueve a abajo en el centro (bottom center). Puede ser</line>
<line>    ubicada abajo a la izquierda (bottom left), abajo a la derecha (bottom right),</line>
<line>    en el centro a la izquierda (left center), en el centro a la derecha (right</line>
<line>    center). La primera palabra se refiere a la ubicación horizontal (las opciones</line>
<line>    son: left, center, right) y la segunda a la ubicación vertical (las opciones</line>
<line>    son: bottom, center, up).</line>
<line>    </line>
<line>    Se añade un título a la figura.</line>
<line></line>
<line>Nótese la sintaxis. Todas las opciones son parte de una lista, con &quot;gnuplot_preamble&quot;</line>
<line>como primer elemento de la lista. Todas las opciones deben estar entre comillas dobles.</line>
<line>Cada elemento termina con punto y coma. Las entradas de texto se hacen con comilla</line>
<line>sencilla.</line>
</editor>

</cell>

<cell type="code">
<input>
<editor type="input">
<line>wxplot2d([f(x),g(x)], [x,-5,5], [xlabel, &quot;x(m)&quot;], [ylabel, &quot;Desplazamiento (m)&quot;], </line>
<line>[legend, &quot;Gráfico 1&quot;, &quot;Gráfico 2&quot;],  [style,[lines,1,1],[lines,3,4]],</line>
<line>[gnuplot_preamble, &quot; set grid; set key  bottom center; </line>
<line>set title &apos;Dos Series, Un Ejemplo&apos;;  &quot;]                             );</line>
</editor>
</input>
<output>
<mth><lbl>(%t11) </lbl><img>image9.png</img><lbl>(%o11) </lbl><v></v>
</mth></output>
</cell>

<cell type="text">
<editor type="text">
<line>Un último uso para &quot;gnuplot_preamble&quot; es configurar el eje y en escala logarítmica.</line>
<line>Considere una función de crecimiento simple: y(t) = exp(g*t), donde t es una unidad</line>
<line>de tiempo. Los dos gráficos de abajo muestran dos funciones, una con crecimiento</line>
<line>rápido, con g = 5% por año, y crecimiento lento, con g = 2% por año.</line>
<line>A final use of the preamble is to set the y axis to logarithmic scale. Consider</line>
<line>a simple growth function: y(t) = exp(g*t), were t is a time unit. The two graphs</line>
<line>below show two functions, fast growth, with g = 5% per year, and slow growth,</line>
<line>with g = 2% per year.</line>
</editor>

</cell>

<cell type="code">
<input>
<editor type="input">
<line>wxplot2d([exp(0.05*t),exp(0.02*t)], [t,0,150],[ylabel, &quot;Población&quot;],</line>
<line>[xlabel, &quot;Año t&quot;], [legend, &quot;Creciemiento rápido&quot;, &quot;Crecimiento lento&quot;], </line>
<line>[gnuplot_preamble, &quot; set grid; set key top left;  </line>
<line>set title &apos;Dos curvas de crecimiento&apos;;  &quot;])$</line>
</editor>
</input>
<output>
<mth><lbl>(%t12) </lbl><img>image10.png</img>
</mth></output>
</cell>

<cell type="text">
<editor type="text">
<line>Convertir el eje vertical a escala logarítmica cumple dos tareas,</line>
<line>&quot;Crecimiento lento&quot; no es opacada por &quot;Crecimiento rápido&quot; y además se </line>
<line>enfatiza la constancia de las tasas de creciemietno</line>
<line></line>
<line>La conversión a escala log requiere añadir &quot;set logscale y;&quot; a</line>
<line>&quot;gnuplot_preamble&quot;.</line>
</editor>

</cell>

<cell type="code">
<input>
<editor type="input">
<line> wxplot2d([exp(0.05*t),exp(0.02*t)], [t,0,150],[ylabel, &quot;Población&quot;],</line>
<line>[xlabel, &quot;Año t&quot;], [legend, &quot;Crecimiento rápido&quot;, &quot;Crecimiento lento&quot;], </line>
<line>[gnuplot_preamble, &quot; set grid; set key top left; </line>
<line>set title &apos;Curvas de crecimiento, Escala Logarítmica&apos;;  set logscale y; &quot;]            )$</line>
</editor>
</input>
<output>
<mth><lbl>(%t13) </lbl><img>image11.png</img>
</mth></output>
</cell>

</wxMaximaDocument>